"","Agonopsis vulsa","Ammodytes personatus","Anoplarchus","Anoplopoma fimbria","Apodichthys flavidus","Artedius spp.","Aulorhynchus flavidus","Blepsias bilobus","Blepsias cirrhosus","Brachyistius frenatus","Chitonotus pugetensis","Citharichthys sordidus","Citharichthys stigmaeus","Clinocottus acuticeps","Clinocottus embryum","Clupea pallasii","Cottus","Cottus_Leptocottus","Cryptacanthodes giganteus","Cymatogaster aggregata","Embiotoca lateralis","Enophrys bison","Gadus","Gasterosteus aculeatus","Gobiesox maeandricus","Hemilepidotus spp.","Hexagrammos","Hexagrammos decagrammus","Hippoglossus stenolepis","Hypomesus","Lepidogobius lepidus","Lepidopsetta","Liparis mucosus","Lumpenus sagitta","Microgadus proximus","Myoxocephalus","Nautichthys oculofasciatus","Oligocottus maculosus","Oligocottus snyderi","Oncorhynchus","Oncorhynchus clarkii","Oncorhynchus tshawytscha","Ophiodon elongatus","Oxylebius pictus","Pholis laeta","Phytichthys chirus","Pleuronectidae 1","Pleuronectidae 2","Pleuronectidae 3","Pleuronichthys coenosus","Podothecus accipenserinus","Rhamphocottus richardsonii","Rhinogobiops nicholsii","Ronquilus jordani","Salvelinus","Scorpaenichthys marmoratus","Sebastes 1","Sebastes 2","Sebastes 3","Sebastolobus","Stichaeidae","Stichaeus punctatus","Synchirus gilli","Syngnathus leptorhynchus","Xiphister","Zaprora silenus","Mallotus villosus","Pallasina barbata","Trichodon trichodon","Enophrys lucasi"
"2021_BOST_A_1",0,0,0.00671019223793979,0,0.00204026115342764,0,0,0,0,0,0,0,0.00285636561479869,0,0,0.184305395571472,0.00194958287994197,0.078739026729116,0,0.143038245648748,0,0.0121055495103373,0,0.00158686978599927,0,0,0.00190424374319913,0,0,0,0,0.00924918389553863,0,0.00841258647980996,0,0.024499075346921,0,0.0019949220166848,0,0.402868995445342,0.0492421601793963,0,0,0,0.0123775843307943,0,0.00194958287994197,0.0179536653692065,0.000136017410228509,0,0,0,0,0,0,0,0,0,0,0,0,0,0,0.0360804937711562,0,0,0,0,0,0
"2021_BOST_A_2",0,0.00773297796801041,0,0,0,0.013666763594068,0,0,0,0,0,0,0,0.00195629353945987,0,0.299016986917638,0.0109743296116042,0.0199614208778218,0,0.0277573336715756,0,0.0104017558927379,0,0.00956350360246842,0,0,0,0,0.00746340990598042,0,0,0,0,0.00243343830518179,0,0.0185132169100105,0,0.0168193107878392,0,0.439641920346915,0.0361288170806597,0.0109204872217376,0,0,0.0334859660102178,0,0,0,0.0212022331355502,0,0,0,0.00104971848458822,0,0.0113101161359353,0,0,0,0,0,0,0,0,0,0,0,0,0,0,0
"2021_BOST_A_3",0,0,0.0364450505644905,0,0,0.00589902704359151,0,0,0,0,0,0,0.00559258408028806,0.00641067023240351,0,0.182400736291647,0.0271217827372471,0.0219431492513716,0,0.0707572647113721,0,0,0,0,0,0.00668883961566888,0.00245154370642764,0.00183865777982073,0,0,0,0,0,0,0.000383053704129319,0.0195662238087652,0,0.012830456047103,0,0.539988603102221,0.00873718600679415,0,0,0,0.0431237526471302,0,0.000689496667432774,0.00206849000229832,7.66107408258638e-05,0,0,0.000689496667432774,0,0,0.00368443866493281,0,0.00061288592660691,0,0,0,0,0,0,0,0,0,0,0,0,0
"2021_BOST_B_1",0,0,0.00643415953791036,0,0,0,0,0,0,0,0,0,0,0,0,0.124431768309822,0.019993360838756,0.0201151856854915,0,0.0631697220328779,0,0,0,0.000438692695766615,0,0,0,0,0,0,0,0,0,0,0,0.0115178787162393,0,0,0,0.730459152053301,0.00378754840741249,0,0,0,0.00904073777250864,0,0,0.00907636951473081,0,0,0,0,0,0,0.00153542443518315,0,0,0,0,0,0,0,0,0,0,0,0,0,0,0
"2021_BOST_B_2",0,0.00172429440058081,0.00081677103185407,0,0.00240754529659965,0.00381159814865233,0,0,0,0,0,0,0,0.00935716058575329,0,0.170300123713989,0.0187069420537207,0.00978344748674466,0,0.0654563054046266,0,0,0,0.00208730374807151,0,0,0,0,2.48200546041201e-05,0,0,0,0,0.00455849055685783,0,0.00487567774527677,0,0.00172429440058081,0,0.671558403873888,0.00403332306879129,0.000363009347490698,0,0,0.0230452825548042,0,0,0,0,0,0,0,0,0,0.00355015978966,0,0,0,0,0,0,0,0.00181504673745349,0,0,0,0,0,0,0
"2021_BOST_B_3",0,0,0.00166580131533403,0.00843253968253968,0,0,0,0,0,0,0,0,0.00163180537012313,0,0,0.140347882316782,0.0126094051327696,0.0147680225826213,0,0.0495639630786922,0,0.0224168963485278,0,0.00253887899915937,0,0.00222518914107699,0.00118676754190773,0.000148345942738466,0,0,0,0,0,0,0,0.0174819005138844,0,0.000593383770953864,0,0.664963242345952,0.0138760451450443,0,0,0,0.0151312861593235,0,0,0,0.00677446471838995,0.0123181216931217,0,0,0,0,0.0113260582010582,0,0,0,0,0,0,0,0,0,0,0,0,0,0,0
"2021_DALL_A_1",0,0.00849245011852101,0.00522612314985908,0,0,0.0150172451702041,0.0342166470184808,0,0,1.03355968290389e-05,0,0,0.0150804732449291,0,0,0.0344400693169875,0,0.0411242630046687,0,0.158681074092204,0,0,0.103682821763549,0.00205311980887321,0,0,0,0,0,0,0.00688728372249286,0,0,0.175578631017832,0,0.057863899017346,0,0.0798231635305781,0,0.0400088424187862,0,0.0108693666538792,0,0,0.155070959480227,0,0,0.024702076421403,0.0227632187855284,0,0,0,0,0,0,0,0.00840793666682099,0,0,0,0,0,0,0,0,0,0,0,0,0
"2021_DALL_A_2",0,0.0156561084045586,0.127428381051358,0,0,0.00520372663482517,0.027529591340509,0,0,0,0,0,0.0179540041887887,0,0,0.0744918939896511,0,0.0131699693456012,0,0.0982294775833936,0,0.0266131158847035,0.0782374476068535,0.00784848525917657,0,0,0.0533385244306015,0,0,0,0.00941195561776101,0,0,0.0901195226255163,0,0.0762416372787952,0,0.0199958618102957,0,0.132214513290672,0,0,0,0,0.076440694647215,0,0,0.0286338856043886,0,0.00303673565658352,0,0,0,0,0,0,8.11375484289742e-05,0,0,0,0,0,0,0.00728226900171001,0.0108410611986131,0,0,0,0,0
"2021_DALL_A_3",0,0,0.0671951407665027,0,0,0.0153802044830592,0.0285813672921414,0,0,0,0,0,0.0298379462800088,0,0,0.134729959653956,0,0,0,0.387258171063222,0,1.85041264201917e-05,0.0266993514313482,0.0102167234638265,0,0,0.00497693683051764,0,0,0.000579382082272256,0,0,0,0.0140264359917539,0,0.0762046881517239,0,0.00712774701214008,0,0.0228315003845558,0,0,0,0,0.161133692952179,0,0,0.00030990204400609,0,0,0,0,0,0,0,0,0,0,0,0,0.0128788719884534,0,0,0,1.34740019133083e-05,0,0,0,0,0
"2021_DALL_B_1",0,0,0.0859734297917677,0,0.00311973853619887,0.200151401951133,0.00391205308507477,0,0,0.00492831541218638,0,0,0.00015716606403011,0.00308672542999571,0,0.111644103867444,0,0,0,0.0200829433586209,0,0.0167108567313859,0,0,0.023618966991596,0.0041816009557945,0,0,0,0,0,0,0,0.000940860215053763,0,0.00348363999432506,0.010929667707112,0.105093694676704,0,0.110820394063996,0,0,0,0,0.248801159714402,0,0,0,0,0,0,0,0,0,0,0,0.00370844739111145,0.000642174432497013,0,0,0,0,0,0,0.0380126596295708,0,0,0,0,0
"2021_DALL_B_2",0,0,0.0775530747394618,0,0.0116937325804319,0.0271860911363366,0,0,0,0,0,0,0.000621765013737126,0,0.004199604743083,0.273485658865518,0,0,0,0.0697664568237309,0,0.00852272727272727,0,0.00129693675889328,0,0.00214097496706192,0,0.0137211005841022,0,0,0,0,0,0.0119696273441432,0,0.0112037462526532,0,0.0311816353282482,0,0.166741661284241,0.0108123017514826,0,0,0.00257328722002635,0.150023747094971,0,0,0,0,0.00452219041069979,0,0,0.00415843214756258,0,0,0,0.0240570302586602,0.0348313923444115,0,0,0,0,0,0,0.0577368250778162,0,0,0,0,0
"2021_DALL_B_3",0,0,0.0445097971376092,0,0.00195675569905097,0.0250646219991672,0,0,0,0,0,0,0,0,0,0.308149619012783,0,0,0,0.0773528172028871,0,0.0251029041398687,0.00264162019371881,0,0,0.0040113491830545,0.00332648468838665,0.0123546511627907,0,0,0,0,0,0,0,0,0,0.0926554728206186,0,0.227644348494662,6.0562015503876e-05,0.0078125,0,0,0.156496502120166,0,0,0,0,0,0,0,0,0,0,0,0.0034243224733392,0,0,0,0,0,0,0,0.0074356716563937,0,0,0,0,0
"2021_HUNT_A_1",0,0,0.0100833990976869,0,0,0,0.00266276823474129,0,0,0,0,0,0,0.00401137535657458,0,0.00859428180788105,0.488338164473185,0,0,0.0507006699363962,0,0,0,0.0412955546362639,0,0,0,0,0,0,0,0,0,0.000783167127865086,0,0,0,0.00746098468211838,0,0.084157304539364,0.031195758044631,0,0,0,0.0347966932493915,0,0,0.025137927575484,0,0,0,0,0.136081158466653,0,0.062497476747063,0,0,0,0.00193181224873388,0,0,0,0,0.0102715037759665,0,0,0,0,0,0
"2021_HUNT_A_2",0,0,0.00904658026433979,0,0,0,0.0631443298969072,0,0,0,0,0,0,0.0284192506007021,0,0.000515463917525773,0.581131846670044,0,0,0.0262024404666625,0,0,0,0.111886625718825,0,0,0,0,0,0,0,0,0,0,0,0,0,0,0,0.0890514462931091,0.0429578509747271,0,0,0,0.00953847469951666,0,0,0,0,0,0,0,0,0,0.0381056904976402,0,0,0,0,0,0,0,0,0,0,0,0,0,0,0
"2021_HUNT_A_3",0,0,0.0454256306547554,0,0,1.94420141926704e-05,0.00244008118400949,0,0,0,0,0,0.00114022485234088,0.00803588976932603,0,0.0144149841455255,0.587644646434743,0,0,0.129211077715245,0,0,0.00148229230804315,0.0207826539299062,0,0,0,0,0,0,0,0,0,0,0,0,0,0.00724622503606705,0,0.0890345067070532,0.0192942405197686,0,0,0,0.0297526661759011,0,0,0.000798157396638617,0,0.00257690816629039,0,0,0,0,0.0407003729901941,0,0,0,0,0,0,0,0,0,0,0,0,0,0,0
"2021_KAHS_A_1",0,0.0230415872550457,0.0376391021939433,0,0.00856445142159428,0.00621059112956564,0,0,0,0,0,0,0,0.0664818172033285,0,0.108052529519847,0.00486656200941915,0,0,0.0615347714537192,0,0.104418119734222,0,0,0,0.011965811965812,1.74428745857317e-05,0,0,0,0,0,0,0,0,0.029394516933001,0,0.114185932856463,0,0.103814334613686,0,0,0,0,0.265841602950277,0,0,0.0401386263390044,0,0,0,0,0,0,0,0,0.0138321995464853,0,0,0,0,0,0,0,0,0,0,0,0,0
"2021_KAHS_A_2",0,0.0370543278292451,0.0432969080877496,0,0.00335612375511224,0.015295584045584,1.56098779307546e-05,0,0,0,0,0,0,0.0220472765165797,0,0.285844909835266,0,0,0,0.0316816381406154,0,0.0398201081644465,0,0,0,0,0.000105354740015351,0,0,0,0,0.00737179487179487,0,0,0,0.059381886402598,0,0.0980470746835616,0,0.0287123154582847,0,0,0,0,0.318369012663802,0,0,0.00363710155786582,0.00488589179232618,0,0,0,0,0,0.00107708157722207,0,0,0,0,0,0,0,0,0,0,0,0,0,0,0
"2021_KAHS_A_3",0,0.0427690438362755,0.0322871796917267,0,0.00500803528048735,0.018489524863954,0.0190559486894066,0,0,0,0.00268694260233249,0,0.00482125161978809,0.0123808631077227,0,0.433537281918644,0.00319542549613185,0.00433531412340696,0,0.110090178580956,0,0.0231414467039667,0.00841542212526163,0,0,0.00325863251772239,0.00437449508415899,0,0,0,0,0,0,0,0,0,0,0.0440088225207514,0,0.0576651462539502,0,0.000317673879732406,0,0,0.141282818438918,0,0,0.0111181786859611,0,0,0,0,0.00285844957694946,0,0,0,0.0149019244017955,0,0,0,0,0,0,0,0,0,0,0,0,0
"2021_KAHS_B_1",0,0.10032598849967,0.0993044654088473,0,0,0.0248460642369779,0,0,0,0,0,0,0,0,0,0.329088618165797,0,0,0,0.0321351306373773,0,0,0,0,0,0,0,0,0,0,0,0,0,0,0,0,0,0.0243135297054418,0,0.12887526224005,0,0.0054418372441338,0,0,0.116239141860746,0.00158096189049759,0,0,0,0,0,0,0.00119820269595607,0,1.66417041105009e-05,0,0,0,0,0,0,0,0,0,0.136634155710394,0,0,0,0,0
"2021_KAHS_B_2",0,0.141351310339903,0.013904775130971,0,0,0.0272539802968801,0,0,0,0,0,0,0,0.073844829762276,0.00424878606112539,0.246764507307204,4.16666666666667e-05,0,0,0.0218326295506223,0,2.08333333333333e-05,0,0,0,0,0,0.0105684090259926,0.0034097400742645,0,0,0.00176735218508997,0,1.78520422736361e-05,0,0.00660525564124536,0,0.107811359986187,0.00482005141388175,0.155084186497773,0,0.00508783204798629,0,0,0.111175128444049,0,0,0,5.35561268209083e-05,0,0,0,0.0118537560696944,0,0.0231458333333333,0,0.00712296486718081,0,0,0,0,0,0,0,0.0222134037952464,0,0,0,0,0
"2021_KAHS_B_3",0,0.136768128745357,0.00722408246766457,0,0,0.0093740453105655,0,0,0,0.00210634637338607,0,0,0,0.00585635947399244,0,0.358493488765806,0,0,0,0.0498912244551049,0,0.00109337063656682,0,0.00207418841348705,0,0.00184908269419388,0,0,0,0,0,0,0,9.1349011186575e-05,0,0,0,0.000820027977425112,0,0.296634779805157,0,0.0149077850982207,0,0,0.0586050381545172,0,0.0008039489974756,0.0210333564153113,0.00591706462142042,0,0,0,0.00719371460364676,0,0.00112552859646584,0,0.0125094464007203,0,0,0,0,0,0,0,0.0056276429823292,0,0,0,0,0
"2021_MOIR_A_1",0,0,0.0192959374730421,0,0,1.08886203029214e-05,0.00300076604062657,0,0,0,0,0,0.00362591056087283,0.00638481679236881,0,0.332003695339331,0.0896541527811499,0.00201812082309744,0,0.488864465236115,0,0,0,0.0238730697711175,0,0,0.000979975827262928,0,0,0,0,0.00154264733074464,0,0.00552115143688481,0,0,0,0.00344191209692029,0,0.00254793715088361,0.0031192330932667,0,0,0,0.00677234093209179,0,0,0,0,0,0,0,0,0,0,0,0,0,0,0,0,0,0,0.00533542394843149,0,0.00200755474548961,0,0,0,0
"2021_MOIR_A_2",0,0,0.0079304619591757,0,0,0,0,0,0,0,0,0,0,0.00692589294548333,0,0.346906061421229,0.133771299595215,0.00731106512956942,0,0.446414500390747,0,0,0,0.0179864771474147,0,0,0,0,0,0,0,0,0,0,0,0,0,0.00461129175288206,0,0.0232453539325493,0,0,0,0,0.00489759572573464,0,0,0,0,0,0,0,0,0,0,0,0,0,0,0,0,0,0,0,0,0,0,0,0,0
"2021_MOIR_A_3",0,0,0.00938968605536905,0,1.55646868385008e-05,1.55646868385008e-05,0,0,0,0.00169520464412898,0,0,0,0,0,0.326864434458915,0.105978324386476,0.00882929127094823,0,0.459696247078272,0,0,0,0.05354968073836,0,0,0.0047872402081812,0,0,0,0,0,0,0,0,0,0,0.0219993902233424,0,0.00456948815338366,0,0,0,0,0.000975657349138982,0,0,0,0,0,0,0,0,0,0,0,0,0,0,0,0,0,0,0.0016342260598078,0,0,0,0,0,0
"2021_MOIR_B_1",0,0,0,0,0,0,0,0,0,0,0,0,0,0,0,0.92241610738255,0,0,0,0.0775838926174497,0,0,0,0,0,0,0,0,0,0,0,0,0,0,0,0,0,0,0,0,0,0,0,0,0,0,0,0,0,0,0,0,0,0,0,0,0,0,0,0,0,0,0,0,0,0,0,0,0,0
"2021_MOIR_B_2",0,0,0,0,0,0.785548984314734,0,0,0,0,0,0,0,0,0,0.214451015685266,0,0,0,0,0,0,0,0,0,0,0,0,0,0,0,0,0,0,0,0,0,0,0,0,0,0,0,0,0,0,0,0,0,0,0,0,0,0,0,0,0,0,0,0,0,0,0,0,0,0,0,0,0,0
"2021_MOIR_B_3",0,0,0.0279200857483813,0,0,0,0,0,0,0,0,0,0,0,0,0.348240779991522,0,0,0,0.252484861112835,0,0,0,0,0,0,0,0,0,0,0,0,0,0,0,0,0,0,0,0,0,0,0,0,0.123665521221222,0,0,0,0,0,0,0,0,0,0,0,7.70416024653313e-05,0,0,0,0,0,0,0.247611710323575,0,0,0,0,0,0
"2021_NICH_A_1",0.00163085188027629,0,0.0306310153724657,0.00195062675876183,0,0.106339868136044,0,0,0,0,0,0,0.00078682469372749,0.0083141468406242,0,0.438688252744848,0,0,0,0.250313191338275,0.0101246724059111,0,0.0152789614025836,0,0,0,0.00143898695318496,0.0172844907894746,0,0,0,0,0,0,0,0,0,0.0334093712231145,0,0,0,0,0,0,0.00603069287011705,0,0,0,0,0,0,0,0,0,0,0,0,6.39549756971092e-05,0.00793041698644155,0,0,0,0,0.065401553681915,0,0.00438212094653812,0,0,0,0
"2021_NICH_A_2",0,0,0,0,0,0,0,0,0,0,0,0,0,0.041042503958105,0,0.424422203729619,0,0,0,0.302450027217382,0,0.0312105777941043,0.0110876935764684,0,0,0,0.02150340572406,0.0394884815632951,0,0,0,0,0,0,0,0,0,0,0,0.0131353246942567,0,0.0216851544438422,0,0,0.0487157453006243,0,0,0,0,0,0,0,0,0,0,0,0.01526064791975,3.28893274132544e-05,0.0117086005591186,0,0,0,0,0.0182567441919619,0,0,0,0,0,0
"2021_NICH_B_1",0,0,0.029129819032279,0,0,0.0216117796073464,0,0,0,0,0,0,0,0,0,0.570054055940917,0.0106871437618746,0,0,0.0325364154528182,0.00379987333755541,0,0.00379987333755541,0,0,0,0.0123495883470551,0,0,0,0,0,0,0.00015748031496063,0,0,0,0.0968509173053812,0,0.0303198226725776,0,0,0,0,0.0393445218492717,0,0,0,0,0,0,0,0.0332488917036099,0,0,0,0.0135370487650412,0.000316656111462951,0.0960813182867658,0,0,0,0,0.00617479417352755,0,0,0,0,0,0
"2021_NICH_B_2",0,0,0.0765725655201657,0,0.0133751651254954,0.0563140978596725,0,0,0,0,0,0,0,0,0,0.364946731060919,0,0,0,0.159952444283239,0,0,0,0,0,0,0,0,0,0,0,0,0,0,0,0,0,0.085592487778505,0,0,0,0,0,0,0.190544628732652,0,0,0,0,0,0,0,0.0190836460211185,0,0,0,0.0169040835707502,0,0,0,0,0,0,0,0.0167141500474834,0,0,0,0,0
"2021_NICH_B_3",0,0,0,0,0,0,0,0,0,0,0,0,0,0,0,0.387765957446809,0,0,0,0.0478723404255319,0,0,0,0,0,0,0,0,0,0,0,0,0,0,0,0,0,0,0,0,0,0.5,0,0,0.0643617021276596,0,0,0,0,0,0,0,0,0,0,0,0,0,0,0,0,0,0,0,0,0,0,0,0,0
"2021_REEF_A_1",0,0.234418970040973,0.0703960667288201,0,0.0021226839359597,0.00516279906457996,0,0,0,0,0.0170701801285031,0,0.00210469508904479,0.0277856480110305,0,0.354365162344447,0,0.00286022665947113,0,7.0016979117436e-05,0,0.00196078431372549,0.0574145351839617,0,0,0,0.00100737542723511,0,0,0,0,0,0,0,0,0.00518078791149487,0,0.0245974474768037,0,0.0773860010120597,1.79888469149128e-05,0,0,0,0.0439086630387714,0,0,0.00624212987947473,0.0114822435837431,0,0,0,0,0,0,0,0,0,0,0,0,0,0,0.00269832703723691,0.051747267306631,0,0,0,0,0
"2021_REEF_A_2",0,0.20134778714752,0.0326253215688047,0,0.00672332076347386,0.0135455740437947,0,0,0,0.00181456230290858,0.0127122064340064,0,0.00767163281925448,0.0227688012435522,0,0.310570358447415,0,0.0142344485323256,0,0,0,0,0.0492618028590317,0,0,0,0.0162626281588605,0.0020259676197523,0,0,0,0.00558462378662157,0,0,0,0.0176924003998703,0,0.0297195685020996,0,0.15948490316948,0,0.00748768931807943,0,0,0.054126136180548,0,0,0.00863059867685017,0.00281873755791625,0,0,0,0,0,0.00602505153004598,0,0.00793488857149335,0,0,0,0,0,0,0.00457956426126187,0.00435142610503321,0,0,0,0,0
"2021_REEF_A_3",0,0.268531146900779,0.0306394551795506,0,0.0161770763809747,0.00164033497366831,0,0,0,0.0129345189975748,0.0144068804705363,0,0.0226907631297965,0.0602609164752167,0,0.316842148109457,0,0.027891697031982,0,0.00602895047339492,0,0.0108636219747331,0.0203130005969487,0,0,0.00700739589628479,0,0.00142450142450142,0,0,0,0.000964056519612075,0,0,0,0.00751807960335043,0,0.0315157649064267,0,0.0459404626478312,0,0.00020144464588909,0.000350340786037327,0,0.0508429322799754,0,0,0.00738857969613381,0.0078562641995557,0,0,0,0,0,0,0,0.000575556131111687,3.18491623670297e-05,0.00572621934788467,0.00474552519268743,0,0,0.00847187718962991,0.00256122478344701,0.00765741489266146,0,0,0,0,0
"2021_REEF_B_1",0,0.890212045484883,0.00678174117587591,0,0.000290428158126962,0.00983574790974077,0,0,0,0,0,0,0,0,0,0.0561706424585422,0,0,0,0.000178725020385823,0,0,2.30968218773097e-05,0,0.000614367257576265,0.000145214079063481,0,0,0,0,0,0.000268087530578734,0,0,0,0.00208019290750084,0,0.00217343562913498,0.000156384392837595,0.00689573299091244,0,0,0,0,0.0136635596567344,0.00226941060862292,0,0,0,0,0,0,0,0,0.000122873451515253,0,0,0,0,0,0,0,0,0,0.00811831446609127,0,0,0,0,0
"2021_REEF_B_2",0,0.893920135032841,0.00338150320191893,0,0.000457215207681216,0,0,0,0,0,0,0,0,0,0,0.0688127412211468,0,0.000656514144362771,0,0,0,0.00274503681731845,0,0,0,0,0,0,0,0,0,0,0,0,0,0.000562726409453804,0,0.00691272296836345,0,0.000574449876317425,0,0,0.00185694473826481,0,0.010307348738146,0,0,0.00110200588518037,0,0,0,0,0,0,0.00201308105183033,0,0,0,0,0,0,0,0,0,0.00669757470717489,0,0,0,0,0
"2021_REEF_B_3",0,0.766728895740574,0.0350059468677345,0,0,0.03454673384404,0,0,0,0,0,0,0,0,0,0.0407006831393985,0,0,0,0,0,0,0,0,0,0,0,0,0,0,0,0,0,0,0,0.00671892497200448,0,0.00261291526689063,0,0.000828169580845788,0,0,0,0,0.105485576799785,0,0,0,0,0,0,0,0,0,0,0,9.33184023889511e-05,0,0,0,0,0,0,0,0.00727883538633819,0,0,0,0,0
"2021_SYLB_A_1",0,0,0.0363593155893536,0,0,0,0,0,0,0,0,0,0,0,0,0.0613117870722433,0,0,0,0.261882129277567,0,0,0,0,0,0,0,0,0,0,0,0,0,0,0,0,0,0,0,0.640446768060837,0,0,0,0,0,0,0,0,0,0,0,0,0,0,0,0,0,0,0,0,0,0,0,0,0,0,0,0,0,0
"2021_SYLB_A_3",0,0,0.000124703828407532,0,0,0.00083281282531751,0,0,0,0,0,0,0,0,0,0.0426504791976028,0,0,0,0.00106161825688973,0,0,0,0,0,0,0,0,0,0,0,0,0,3.64617516225479e-05,0,0,0,0.0241012178225042,0,0.611578436069847,0,0,0,0,0.279085526015361,0,0,0,0,0,0,0,0,0,0.0405287442324479,0,0,0,0,0,0,0,0,0,0,0,0,0,0,0
"2021_SYLB_B_1",0,0,0,0,0,0,0,0,0,0,0,0,0,0,0,0.405045120947831,0,0,0,0,0,0,0,0,0,0,0,0.0122635429697866,0,0,0,0,0,0,0,0,0,0,0,0.582691336082381,0,0,0,0,0,0,0,0,0,0,0,0,0,0,0,0,0,0,0,0,0,0,0,0,0,0,0,0,0,0
"2021_SYLB_B_2",0,0,0.0844718980162735,0,0,0.0220064383344768,0,0,0,0,0,0,0,0,0,0.642799107000625,0,0,0,0,0,0,0,0,0,0,0.0177400427969904,0,0,0,0,0,0,0,0,0.000176064087327787,0,0.0111527433285837,0,0.158654695828511,0,0,0,0,0.032396861554037,0,0,0,0,0,0,0,0,0,0,0,0,0,0.0306021490531741,0,0,0,0,0,0,0,0,0,0,0
"2021_SYLB_B_3",0,0,1.13672532169327e-05,0,0,0.000148917555518326,0,0,0,0,0,0,0.990519161102424,0.000101313096187103,0,0.00665398000388969,0,0,0,0,0,0.000269837528910511,0.00018813130992849,0,0,0,0,0,0,0,0,0,0,0,0,0,0,0.000147774291820125,0,0.00100956521746153,0,1.86146944397908e-05,0,0,0.0009313379462031,0,0,0,0,0,0,0,0,0,0,0,0,0,0,0,0,0,0,0,0,0,0,0,0,0
"2021_TAHB_A_2",0,0,0.0811119786342615,0,0,0.0101151889235009,0,0,0,0.000974658869395711,0,0,0.00434556393178895,0.00276227130358402,0,0.600091830968601,0.0145048137489454,0.000974658869395712,0,0.00793698974541671,0,0.000974658869395711,0,0.15283739236032,0,0,0.00116959064327485,0,0,0,0.00155945419103314,0,0,0.00345572853460929,0,0.00789764695378346,0,0.0430088475102126,0,0,0,0,0,0,0.0556073248418851,0,0,0,0,0,0,0,0,0,0.000194931773879142,0,0,0.001364522417154,0,0,0,0,0,0.00528947006822984,0.0038224768413334,0,0,0,0,0
"2021_TAHB_A_3",0,0,0.136221656775251,0,0,0.027307372924402,0,0,0,0,0,0,0.0007145859604876,0.00571916086356148,0,0.559197568904467,0.0251443439152902,0.0126699076823383,0,0.0138207392976259,0,0.0113551826294597,0,0.0151785170795583,0,0.000896997339414671,0.002343174767049,0,0,0,0.00180748213535099,0,0,0.000210172341319882,0,0,0,0.0350556367483952,0,4.20344682639765e-05,0,0,0.00058848255569567,0.00144431774990498,0.123921144983416,0,0,0.00412734382900934,0.00579971174995195,0,0,0,8.40689365279529e-05,0,0,0,0,0,0.00126103404791929,0,0,0,0,0.00349054799622121,0.0115988143191177,0,0,0,0,0
"2022_ABES_A_1",0,0.087730058391861,0.0606367006771456,0,0,0,0,0,0,0,0,0,0,0,0,0,0,0.0949996177728506,0,0.237546083282843,0,0,0,0.186145717330588,0,0,0,0,0,0,0,0,0,0,0,0.0770994554313557,0,0.0195614789337919,0,0,0,0,0,0,0.172268806130274,0,0.0289256198347107,0,0,0.0350864622145792,0,0,0,0,0,0,0,0,0,0,0,0,0,0,0,0,0,0,0,0
"2022_ABES_A_2",0,0.00331796198402879,0,0,0,0,0,0,0,0,0,0,0.1078125922938,0,0,0.0348148034362862,0.00980486707172019,0.0102251175063907,0,0.64135318808892,0,0.0111910921156225,0,0.0718765330541043,0,0,0.0146505043841566,0,0,0,0,0,0,0.0105349979379897,0,0,0,0.0375229870459556,0,0.0126414547845187,0,0,0,0,0.0342539002965075,0,0,0,0,0,0,0,0,0,0,0,0,0,0,0,0,0,0,0,0,0,0,0,0,0
"2022_ABES_A_3",0,0,0.0115203021718602,0,0,0,0,0,0,0,0,0,0.138547335603975,0,0,9.44287063267233e-05,0,0.021167240563592,0,0.502250959586935,0,0.0235099180987549,0,0.0912105462377135,0,0,0.0376639293767337,0,0,0,0,0,0,0.0104992604447031,0,0.0433539209639372,0,0.0347159186775303,0,0.0109436580750089,0,0,0,0,0.0556095365974744,0,0.00836528902144582,0,0,0,0,0,0,0,0,0,0.00516476322106641,0,0,0,0,0,0,0.00538299265294246,0,0,0,0,0,0
"2022_BLAQ_A_1",0,0.0476004416285447,0,0,0,0,0,0,0.013097033685269,0,0,0,0.0636361882986762,0,0,0.503936631209672,0,0,0,0.18071765774273,0,0,0,0,0.0108858858858859,0,0.0131221719457014,0,0,0,0,0,0,0,0,0.0156971079825467,0,0.0109831940834834,0,0.000286781379218354,0,0,0,0,0.0242740263232067,0,0,0.0204081632653061,0,0.0456255125493313,0,0,0,0,0,0,0.0121227785162211,0,0,0,0,0.0120579855873974,0,0.0255422862221319,6.15369467828484e-06,0,0,0,0,0
"2022_BLAQ_A_2",0,0,0.00814701187057014,0,0,0,0,0,0,0,0,0.053263320163447,0.558720973205075,0,0,0.0875159476060748,0,0.00834608429545138,0,0.0916872065305067,0,0.00550873736820984,0.0078153261153034,0.0059048552231943,0.00372113385137354,0,0,3.64817044252308e-05,0,0,0,0,0,0.00532632884608369,0,0.00565466418591077,0,0.038824747691612,0,0.0157683762258051,0,0,0,0,0.00452599079659121,0,0.0085626813093546,0.0142830360355687,0.000488175163498513,0.0619942632170358,0,0,0,0,0,0,0,0,0,0,0,0,0.00708257986738999,0.00682207872751815,0,0,0,0,0,0
"2022_BLAQ_A_3",0,0,0.0436514761861447,0,0,0,0,0,0,0,0,0.142444176155549,0.315973458944657,0,0,0.220920194160306,0,0.0273694390715667,0,0.0849739383064172,0,0,0,0,0,0,0.0271408213499158,0,0,0,0,0,0,0,0,0,0,0.0682384620531167,0,0,0,0,0,0,0,0,0,0,0,0.0692880337723265,0,0,0,0,0,0,0,0,0,0,0,0,0,0,0,0,0,0,0,0
"2022_CLAM_A_1",0,0.154003310348966,0.0572878812577423,0,0,0,0,0,0,0,0,0,0,0,0,0.137828396237622,0,0,0,0.136520079350312,0,0.0875610989381426,0,0.0307775490257242,0,0,0.0857632451261307,0,0,0,0,0,0,0,0,0.0881350987308133,0,0,0,0.0725317693059628,0,0,0,0,0.0324535679374389,0,0,0,0,0,0,0,0,0,0.00899315738025415,0,0,0,0.0493555685935106,0,0,0,0,0.05878927776738,0,0,0,0,0,0
"2022_CLAM_A_2",0,0.10857254450381,0.0333107688836239,0,0,0,0,0,0,0,0,0,0.00139520059074504,0,0,0.227472181214039,0,0,0,0.154905151554802,0,0.126593580597313,0,0.0654720137676821,0,0,0.0187100213219616,0,0,0,0,0,0,0,0,0,0,0,0,0.163360252419697,0,0,0,0,0.100208285146326,0,0,0,0,0,0,0,0,0,0,0,0,0,0,0,0,0,0,0,0,0,0,0,0,0
"2022_CLAM_A_3",0,0.0918269854046223,0.0304050978607192,0,0,0,0,0,0,0,0,0,0.0189928334900952,0,0,0.379694298944596,0,0,0,0,0,0.136775889903054,0,0.0587959515733157,0,0,0,0,0.0395125990772507,0,0,0,0,0,0,0,0,0.0203083717812217,0,0.0938562419182126,0,0,0,0,0.0804614253133201,0,0,0,0,0,0,0,0,0,0,0,0.0312516648725844,0,0,0,0,0,0,0.0181186398610077,0,0,0,0,0,0
"2022_GUKT_A_1",0,0.000426647162796367,0,0,0,0,0,0,0,0,0,0,0,0,0,0.0550563400370846,0,0.365711392731508,0,0,0,0.0590601572499543,0,0.000285266010554842,0,0,0.0797681689926028,0,0,0,0,0,0,0.0301227789216808,0,0,0,0.119996763020153,0,0,0,0.0333048067322778,0,0,0.127140854513317,0,0,0,0,0,0,0,0,0,0,0,0,0,0,0,0,0,0,0.12912682462807,0,0,0,0,0,0
"2022_GUKT_A_2",0,0.0226817127283375,0,0,0,0,0,0,0,0,0,0,0,0,0,0.149551408681068,0,0.384584779934944,0,0.152810351512322,0,0,0,0.0666035993422979,0,0,0.0727292202227935,0,2.25240444174156e-05,0,0,0,0,0.0777367915563672,0,0,0,0,0,0.00168500481799197,0,0,0,0,0.0715946071594607,0,0,0,0,0,0,0,0,0,0,0,0,0,0,0,0,0,0,0,0,0,0,0,0,0
"2022_GUKT_A_3",0,0,0,0,0,0,0,0,0,0,0,0,0,0,0,0.0290652697654886,0,0.455512523218176,0,0,0,0,0,0,0,0,0,0,0,0,0,0,0,0.235281298994912,0,0.0691377671684017,0,0.0475712771233066,0,0.0459219008047619,0,0,0,0,0.0205552023733842,0,0,0,0.0396270396270396,0,0,0,0,0,0.0573277209245296,0,0,0,0,0,0,0,0,0,0,0,0,0,0,0
"2022_HALI_A_1",0,0,0,0,0,0.0221568256882385,0,0,0,0,0,0,0.0641744548286604,0,0,0.0810123353181908,0,0,0,0.239304988811373,0,0,0,0.180024946871685,0,0,0,0,0,0,0,0,0,0,0,0,0,0,0,0.0430717171989885,0,8.99952302527966e-06,0,0,0.32350450005589,0,0,0,0,0,0,0,0,0,0,0,0,0,0,0,0,0,0,0,0.0467412317039492,0,0,0,0,0
"2022_HALI_A_2",0,0.0245973757698634,0.13739273773816,0,0,0.0449421682562702,0,0,0,0,0,0,0,0,0,0,0,0,0,0.432290602916127,0,0,0,0.0739910660720764,0,0,0,0,0,0,0,0,0,0.0225931380570556,0,0,0.0202209324096611,0.0238067913749793,0,0.0371777568599663,0,0,0,0,0.141615721528765,0,0,0,0,0,0,0,0,0,0,0,0,0.0270369029296921,0,0,0,0,0,0.0143348060873834,0,0,0,0,0,0
"2022_HALI_A_3",0,0,0.0740126850468832,0,0,0,0,0,0,0,0,0,3.65096750638919e-05,0,0,0.0101751674394642,0,0,0,0.167380171171357,0,0,0,0.361259354478918,0,0,0,0,0,0,0,0,0,0,0,0,0,0,0,0.118144042364502,0,0,0,0,0.158289927136856,0,0,0,0,0,0,0,0,0,0,0,0,0.0738021638330757,0,0,0,0,0,0.0368999788538803,0,0,0,0,0,0
"2022_HARM_A_1",0,0.237146687332358,0.117798314053245,0,0,0,0.0322514922212799,0,0,0,0,0,0,0,0,0.235269423920724,0,5.24603924037352e-05,0,0,0,0,0.000157381177211206,0,0,0,0,0,0,0,0,0,0,0.0355711274577932,0,0.0446367201505307,0,0.13315908362659,0,0.000157381177211206,0,0,0,0,0.134317187959755,0,0,0,0,0,0,0,0,0,0,0,0,0,0,0,0,0,0,0,0.0294827405308992,0,0,0,0,0
"2022_HARM_A_2",0,0.240695280811747,0.0538108021171933,0,0,0.0864786863907885,0,0,0,0.0177549959141223,0,0,0.0206244542799506,0,0,0.128613896049555,0,0,0,0,0,0,0,0.0147091597949632,0,0,0,0,0,0,0,0,0,0.00015054346189745,0,0.101978415702834,0,0.0791327046838625,0,0.0234546713636227,0,0,0,0,0.155488001631763,0,0,0,0,0,0,0,0,0,0,0,0.0279327910504445,0,0,0,0,0,0,0.0491755967472562,0,0,0,0,0,0
"2022_HARM_A_3",0,0.517106040733367,0.0212037548315848,0,0,0.0342926475879515,0,0,0,0,0,0,0.0238316310739709,0.0319436775262286,0,0.131050570223002,0,0,0,0,0,0.0251960643356308,0,0,0,0,0,0,0,0,0,0,0,0.0334035687594641,0,0.0311903196716161,0,0.0335938189541928,0,0,0,0,0,0,0.0664692868982774,0,0,0,0,0,0,0,0,0,0,0,0.0205779495674581,0.0136321982086837,0,0,0,0,0,0.0165084716285728,0,0,0,0,0,0
"2022_ILDE_A_1",0,0,0.0225869597952116,0,0,0,0,0,0,0.0192240124479245,0,0,0,0,0,0.150004483365412,0,0,0,0.229958142618955,0,0,0,0.275953027691066,0,0,0,0,0,0,0,0,0,0.0578272508186166,0,0,0,0.010894093844837,0,0.134007228489897,0,0,0,0,0.0880800640723235,0,0,0,0,0,0,0,0,0,0,0,0,0,0,0,0,0,0,0,0.011464736855757,0,0,0,0,0
"2022_ILDE_A_2",0,0,0,0,0,0.0336040056312437,0,0,0,0,0,0,0,0,0,0.123028700823178,0,0.0166645356518774,0,0.440340517667689,0,0,0,0.180772070439105,0,0,0.0580088567204525,0,0,0,0,0.0175275875190259,0,0.0123366393751803,0,0,0,0,0,0.0375948960325775,0,0,0,0,0.0696103940970529,0,0,0,0,0,0,0,0,0,0,0,0,0,0,0,0,0,0,0.010511796042618,0,0,0,0,0,0
"2022_ILDE_A_3",0,0.00836463266379983,0,0,0,0,0.0157189946435929,0,0,0,0,0,0.0135970333745365,0,0,0.0218097363598425,0,0.0605518351162104,0,0.546874787476291,0,0,0,0.115541540882391,0,0.0123580136782635,0.00642768850432633,0,0,0,0,0,0,0.0639164686712423,0,0.00996135213107615,0,0,0,0.0215759725380049,0,0.0129275940697365,0,0,0.0469120655371189,0,0,0,0,0,0,0,0,0,0,0,0.0156313177172321,0,0,0,0,0,0,0.0278309666363357,0,0,0,0,0,0
"2022_KARH_A_1",0,0,0.0196932267724844,0,0,0.101692132610994,0,0,0,0,0,0,0.00797325102880658,0.025343730761338,0,9.34404784152495e-05,0,0.0735304544818946,0,0.153152756123818,0,0.101682960301596,0.0128324923690276,0,0,0,0.0940911181629978,0.0524132117307039,0,0,0,0,0,0.0439260159870698,0,0.0553594523857601,0,0.00516451193652097,0,0.018910687150374,0,0,0.0118046471064599,0,0.183424205644704,0,0,0.0258127292252683,0,0,0,0,0,0,0,0,0,0,0.0130989757417678,0,0,0,0,0,0,0,0,0,0,0
"2022_KARH_A_2",0,0,0.0409503342884432,0,0,0.125989766327293,0,0,0,0,0,0,0,0,0,0.00818974686236971,0,0,0,0.0804312230189736,0,0,0,0.0518159132275939,0,0,0.0711693812583516,0,0,0,0,0,0,0.0962616366915241,0,0.0274409700063816,0,0.374729958332404,0,0.000678021951942416,0,0,0,0,0.118931243189959,0,0,0,0,0,0,0,0,0,0.00341180484476288,0,0,0,0,0,0,0,0,0,0,0,0,0,0,0
"2022_KARH_A_3",0,0,0.100332265337605,0,0,0.0259445594232689,0,0,0,0,0,0.0528154541718044,0,0,0,0.0616949152542373,0,0,0,0.0234274952919021,0,0,0,0,0,0.0493058027767889,0.0201883239171375,0,0,0,0,0,0,0,0,0,0,0.297525118923514,0,0.0210169491525424,0,0,0,0,0.347749115751199,0,0,0,0,0,0,0,0,0,0,0,0,0,0,0,0,0,0,0,0,0,0,0,0,0
"2022_KLWA_A_1",0,0,0.00634849167041873,0,0,0,0,0,0,0,0,0,0,0,0,0.022802732094534,0.0232652664700097,0,0,0.222545486027939,0,0,0,0.484864873966561,0,0,0,0,0,0,0,0.0112211953857112,0,0.0228063178740699,0,0,0,0,0,0.167207823847375,0,0,0,0,0.017676873455368,0,0,0,0,0,0,0,0,0,0.011010301357196,0,0,0,0,0,0,0,0,0.0102506378508179,0,0,0,0,0,0
"2022_KLWA_A_2",0,0,0,0,0,0.0107955201477889,0,0,0,0,0,0,0,0,0,0.0384378030503394,0.0102951930108148,0.00171912192541656,0,0.0817798444649096,0,0,0,0.524555135273203,0,0,0,0,0.00883070322372094,0,0,0,0,0.00649675162418791,0,0,0,1.46933497898851e-05,0,0.248872829574874,0,0,0.00607272121515,0,0.0268664752539561,0,0,0,0.0101129028447516,0,0,0,0,0,0.0164138234954718,0,0,0,0.00873648154562599,0,0,0,0,0,0,0,0,0,0,0
"2022_KLWA_A_3",0,0.00416705904510783,0,0,0,0,0,0,0,0,0,0,0,0,0,0,0.00656057449355025,0.0480144239922123,0,0.169774003221527,0,0.0093072166242898,0,0.587673781087549,0,0,0,0,0.0228477303398229,0,0.0105856417201629,0,0,0.00570518253445083,0,0,0,0.00682753997893326,0,0.0606928744476982,0,0,0,0,0.0588157945517238,0,0,0,0,0,0,0,0,0,0,0,0,0,0.00902817796297117,0,0,0,0,0,0,0,0,0,0,0
"2022_NATZ_A_1",0,0,0,0,0,0,0,0,0,0,0,0,0.180247945396295,0,0,0,0,0.317732274690068,0,0,0,0,0,0.501741189580722,0,0,0,0,0,0,0,0,0,0,0,0,0,0,0,0.000278590332915448,0,0,0,0,0,0,0,0,0,0,0,0,0,0,0,0,0,0,0,0,0,0,0,0,0,0,0,0,0,0
"2022_NATZ_A_2",0,0,0,0,0,0,0,0.033221850613155,0,0,0,0,0.0149386845039019,0.024647619047619,0,0,0,0.0140468227424749,0,0.102743366778149,0,0,0,0.548724502270314,0,0,0,0,0,0,0,0,0,0.104598772624874,0,0,0,0,0,0,0,0.0240037287345607,0,0,0.133074652684951,0,0,0,0,0,0,0,0,0,0,0,0,0,0,0,0,0,0,0,0,0,0,0,0,0
"2022_NATZ_A_3",0,0,0.0220282548633771,0,0,0.0056371869512984,0,0,0,0,0,0,0.0272017766558944,0,0,0.00059142269524369,4.62064504204787e-05,0.0420016634322151,0,0.159380128847301,0,5.09061290979434e-05,0,0.656371203732023,0,0,0,0,0,0,0,0.0221328897514093,0,0.0367896756632154,0,8.26377985290472e-05,0,0.000148018708616365,0,0,0,0,0,0,0.0275380283213584,0,0,0,0,0,0,0,0,0,0,0,0,0,0,0,0,0,0,0,0,0,0,0,0,0
"2022_NFEI_A_1",0,0,0,0,0,0,0,0,0,0,0,0,0,0,0,0.0278442501346469,0,0.0158474536712879,0,0.0104268491365266,0,0,0,0.0760968748804237,0,0,0.0185276346387374,0,0,0,0,0.0134001303356142,0,0.0353049982969853,0,0.0308170438261422,0,0.0155673808523549,0,0.673982339209467,0,0,0,0,0.0704488487852314,0,0,0,0,0,0,0,0,0,0,0,0,0,0,0,0,0,0,0.0117361962325824,0,0,0,0,0,0
"2022_NFEI_A_2",0,0.0224135570051594,0,0,0,0,0,0,0,0,0,0,0,0,0,0.0162593628105,0,0,0,0,0,0.00613666614807516,5.1859150547114e-05,0.0918493925949859,0,0,0.0390516928523265,0,0,0,0,0,0,0.0233627190405164,0,0.0149018267514397,0,0,0,0.674179211277245,0,0,0,0,0.0905557903840844,0,0.00421432871763998,0,0.000401364639775236,0.0166222286277053,0,0,0,0,0,0,0,0,0,0,0,0,0,0,0,0,0,0,0,0
"2022_NFEI_A_3",0,6.11418858603275e-05,0.00016198994603076,0,0,4.7476633465928e-05,0,0,0,0,0,0,0.00706800200545386,0,0,0.0239742830026511,0,0.00339769619623767,0,0.271535653780238,0,0,0,0.0428359979506143,0,0,0.00392254357614431,0,0,0,0,0,0,0.0252734504864549,0,0.00834231098588437,0,2.4456754344131e-05,0,0.548670291907444,0,0,0,0,0.038217964176447,0,0,5.52470926217508e-05,0.00973378822896413,0,0,0,0,0,0,0,0,0.000158824697240421,0.00754122814286898,0,0,0,0,0.0089776525510345,0,0,0,0,0,0
"2022_NOSK_A_1",0,0,0,0,0,0,0,0,0,0,0,0,0,0,0,0.162810048875456,0.131454895353837,0.0373790904185694,0,0.212401100625594,0,0,0,0.288999798996854,0,0,0,0,0,0,0,0,0,0.035714540207361,0,0,0,0,0,0.0111120666765356,0,0,0,0,0.119777547024901,0,0,0.000298418382572366,0,0,0,0,0,0,0,0,0,0,5.249343832021e-05,0,0,0,0,0,0,0,0,0,0,0
"2022_NOSK_A_2",0,0,0,0,0,0,0,0,0,0,0,0,0,0.0178345644506555,0,0.0999463728996028,0.062722269663672,0.0968433394714375,0,0.211901843929507,0,0.00738670393292074,0,0.38248515133128,0,0,0.0216942836228123,0,0,0,0,0,0,0.0330738004924469,0,0,0,0,0,0.00605576628734944,6.65468822785653e-05,0,0,0,0.0476011635454814,0,0,0.0123881934905557,0,0,0,0,0,0,0,0,0,0,0,0,0,0,0,0,0,0,0,0,0,0
"2022_NOSK_A_3",0,0,0,0,0,0.010230179028133,0,0,0,0,0,0,0,0.0184495482447065,0,0.0813735886719481,0,0.0641038296425374,0.0110722974237415,0.115420847588864,0,0,0,0.658936424512943,0,0,0.0403820953169184,0,0,0,0,0,0,0,0,0,0,0,0,0,0,0,0,0,0,0,0,0,0,0,0,0,0,0,0,0,3.11895702077225e-05,0,0,0,0,0,0,0,0,0,0,0,0,0
"2022_NSTP_A_1",0,0.108907238015867,0.102503293807642,0,0,0,0,0,0,0,0,0,0,0,0,0.31959424579058,0,0,0,0,0,0,0,0,0,0,0.0769433465085639,0,0,0,0,0,0,0.0785354827703855,0,0,0,0.0598558512453088,0,0.0595520421607378,0,0,0,0,0.193844995089585,0,0,0,0,0,0,0,0,0,0,0,0.000263504611330698,0,0,0,0,0,0,0,0,0,0,0,0,0
"2022_NSTP_A_2",0,0.695708845147375,0,0,0,0.0892408817712396,0,0,0,0,0,0,0,0,0,6.48046140885231e-05,0,0,0,0,0,0,0,0,0,0,0,0,0,0,0,0,0,0.0361933769684402,0,0,0,0.033698399326032,0,0.0482736296935693,0,0,0,0,0.0968200624792556,0,0,0,0,0,0,0,0,0,0,0,0,0,0,0,0,0,0,0,0,0,0,0,0,0
"2022_NSTP_A_3",0,0.176226682126374,0.0304729187590797,0,0,0.070050190634561,0,0,0,0,0,0,0,0,0,0.252643833562369,0,0,0,0.0351554641180702,0,0,0,0,0,0.00854700854700855,0.0409252337019868,0,0,0,0,0,0,0.0314180751932064,0,0.0123160959521785,0,0.0347085694320986,0,0,0,0,0.0225239560128708,0,0.184081339514554,0,0,0.00937413840639647,0,0,0,0,0,0.0205611811084486,0,0,0.00923628342983182,0.0561069754618142,0,0,0,0,0,0.00565205403915081,0,0,0,0,0,0
"2022_REFU_A_1",0,0.0716034699874073,0,0,0,0,0,0,0,0.0220372184133203,0,0,0,0,0,0.135864769015229,0,0.0513773126651785,0,0.111762419789405,0,8.47314014573801e-05,0,0.300682448782316,0,0,0,0,0,0,0,0,0,0.11159125571937,0,0,0,0,0,0.0224538213862058,0,0.0207079893661676,0,0,0.114806941037069,0,0,0,0,0,0,0,0.0370276224368751,0,0,0,0,0,0,0,0,0,0,0,0,0,0,0,0,0
"2022_REFU_A_2",0,0.161305930802415,0,0,0,0.041871921182266,0,0,0,0,0,0,0,0,0,0.0898322518000192,0,0.0488493206482209,0,0.0893745688191005,0,0,0.0509441098600564,0.349151237712659,0,0,0,0,0,0,0,0,0,0.0234811165845649,0,0,0,0,0,0.0430924297025694,0,0,0,0,0.102097112888128,0,0,0,0,0,0,0,0,0,0,0,0,0,0,0,0,0,0,0,0,0,0,0,0,0
"2022_REFU_A_3",0,0.12512315270936,0,0,0,0,0,0,0,0,0,0,0,0,0,0.171428571428571,0,0.100492610837438,0,0.133004926108374,0,0,0,0.413793103448276,0,0,0,0,0,0,0,0,0,0,0,0,0,0,0,0,0,0,0,0,0,0,0,0.0561576354679803,0,0,0,0,0,0,0,0,0,0,0,0,0,0,0,0,0,0,0,0,0,0
"2022_ROSA_A_1",0,0.545151627340457,0.0451796433403092,0,0,0.0169687348176374,0,0,0,0,0,0,0,0,0,0.0262362408295767,0,0,0,0,0,0.134137994089873,0.0396589149039603,0.0708823924782739,0,0,0,0,0,0,0,0,0,0,0,0.0118754979127414,0,0.0193449831534464,0,0.00578295010315369,0,0,0,0,0.0445910359215236,0,0,0,0,0,0,0,0,0,0,0.0139439195367266,0.0155277886242353,0,0,0,0,0,0.0107182769480849,0,0,0,0,0,0,0
"2022_ROSA_A_2",0,0.212060163804494,0.0116195339094004,0,0,0,0,0,0,0,0,0,0,0,0,0.0536714083247762,0,0.0190675655038506,0,0.0177402461377324,0,0.151261290218492,0,0.243855087287347,0,0.013190625818277,0.0164550376490809,0.0446451950772453,0,0,0,0,0.0199986907567426,0,0,0,0,0.0292031061567063,0,0.0221564000870191,0,0,0,0,0.0867368399756642,0.0198311536348248,0,0,0,0,0,0,0,0,0.0227780049394949,0,0,0,0,0,0,0,0.0157296507188516,0,0,0,0,0,0,0
"2022_ROSA_A_3",0,0.000849262450039124,0.00020076925769409,0,0,0.000465148094944935,0,0,0,0,0,0.000259302476338649,0,0,0,0.016897797245739,0,0,0,0,0,0.000479764867930271,0,0.976226800522565,0,0,0,0.000518604952677298,0,0,0,0,0,0,0,0,0,0.000893109742321132,0,0.000288233299423533,0,0,0,0,0.00104020388613429,9.57657842533689e-05,0,0,0,0,0.000424105615979205,0,0.000615637184485943,0,0,0,0,0,0,0,0,0,0,0.000340334500194477,0.000405160119279139,0,0,0,0,0
"2022_SARI_A_1",0,0,0,0,0,0,0,0,0,0,0,0,0,0,0,0.00112340887290951,0,0,0,0,0,0.0314925433784388,0,0.14191263659024,0,0,0,0,0,0,0,0,0,0.354051459266021,0,0,0,0.0489066933733934,0,0,0,0,0,0,0.327039279943843,0,0,0.0642048010469063,0,0,0,0,0.0106058758990613,0,0,0,0,0,0,0,0,0,0,0.0205820305495007,8.12710796862936e-05,0,0,0,0,0
"2022_SARI_A_2",0,0.0257861635220126,0.0425375195654175,0,0,0.0450730428338574,0,0,0.038793235736427,0,0,0,0,2.8587764436821e-05,0,0,0,0.016781017724414,0,0,0,0,0,0.185889842273606,0,0.0388546174385416,0.0185536580223487,0,0,0,0,0.0266259313626039,0,0.442018124172572,0,0,0,8.78663799309419e-05,0,0.000184145106343799,0,0,0,0,0.118724866395373,0,0,0,0,0,0,0,0,0,3.06908510572998e-05,0,0,0,0,0,0,0,0,0,3.06908510572998e-05,0,0,0,0,0
"2022_SARI_A_3",0,0.000354233085370174,0.00320048841683558,0,0,0.0327676307605667,0,0,0,0,0,0,0,0,0,0.0213906040907806,0,0,0,0,0,0.100238516243316,0.0342720510095643,0.347094902273339,0,0,0.0992876074419415,0,0,0,0,0.0315833018579471,0,0.180260082889264,0,8.85582713425434e-05,0,0,0,0,0,3.59718699976618e-05,0,0,0.0763065262314647,0,0,0.028063799717343,0,0,0,0,0,0,0,0,0,0,0,0,0,0,0,0.0450557258409266,0,0,0,0,0,0
"2022_SFEI_A_1",0,0,0,0,0,0,0,0,0,0,0,0,0,0,0,1,0,0,0,0,0,0,0,0,0,0,0,0,0,0,0,0,0,0,0,0,0,0,0,0,0,0,0,0,0,0,0,0,0,0,0,0,0,0,0,0,0,0,0,0,0,0,0,0,0,0,0,0,0,0
"2022_SFEI_A_2",0,0,0,0,0,0,0,0,0,0,0,0,0,0,0,0.341697449091795,0,0,0,0.224058771737139,0,0,0,0.164527015464846,0,0,0,0,0,0,0,0,0,0,0,0.0669674562392948,0,0.0513848853239754,0,0.000650462791553652,0,0.0543510047207252,0,0,0.0963629546306712,0,0,0,0,0,0,0,0,0,0,0,0,0,0,0,0,0,0,0,0,0,0,0,0,0
"2022_SFEI_A_3",0,0,0,0,0,0,0,0,0,0,0,0,0,0,0,0.82232734153264,0,0,0,0.177483443708609,0,0,0,0,0,0,0,0,0,0,0,0,0,0,0,0,0,0,0,0.000189214758751183,0,0,0,0,0,0,0,0,0,0,0,0,0,0,0,0,0,0,0,0,0,0,0,0,0,0,0,0,0,0
"2022_SHIN_A_1",0,0,0,0,0,0,0,0,0,0,0,0,0,0,0,0.299406324284722,0,0,0,0.105421455300883,0,0,0,0.421659822383542,0,0,0,0,0,0,0,0.0308661253383302,0,0,0,0,0,0,0,0.0771996842700055,0,0,0,0,0,0,0,0,0.0151846694516279,0,0,0,0,0,0,0,0,0.0502619189708905,0,0,0,0,0,0,0,0,0,0,0,0
"2022_SHIN_A_2",0,0,0,0,0,0,0,0,0,0,0,0,0.0291584831545551,0,0,0.0896276325226489,0.032582968222793,0.0681875409175605,0,0.259272091856034,0,0,0,0.318433321043107,0,0,0,0,0,0,0,0,0,0.0764228872816052,0,0,0,0,0,0.0299328039095907,0,0,0,0,0.0480553858684586,0,0,0,0,0,0,0,0,0,0,0,0,0,0,0,0,0,0,0.0483268852236476,0,0,0,0,0,0
"2022_SHIN_A_3",0,0,0,0,0,0,0,0,0,0,0,0,0,0,0,0.275894510405861,0,0.0352811229031061,0,0.241022807554071,0,0,0,0.257877510832655,0,0,0,0,0,0.037451785492099,0,0,0,0.0228552222502311,0,0,0,0,0,0,0,0,0,0,0.129617040561976,0,0,0,0,0,0,0,0,0,0,0,0,0,0,0,0,0,0,0,0,0,0,0,0,0
"2022_TRIS_A_1",0,0,0.0546388482499716,0,0,0.0298791512037301,0,0,0,0,0,0,0,0,0,0,0,0,0,0,0,0,0.0487201446379294,0.173225830165787,0,0,0,0,0,0,0,0,0,0.0828761335886505,0,0.108373913873771,0,0,0,0.43743692404369,0,0,0,0,0.0416308603074573,0,0,0,0,0,0,0,0,0,0.0232181939290132,0,0,0,0,0,0,0,0,0,0,0,0,0,0,0
"2022_TRIS_A_2",0,0,0.107182377409323,0,0,0.514340469566999,0,0,0,0,0,0,0,2.18808804866308e-05,0,0,0,0,0,9.36855911560802e-05,0,0,0.0249272428191826,0.0108608545278164,0,0,0.00656426414598923,0,0,0,0,0,0,0.201951153392906,0,0,0,0.0445640107262807,0,0.0122314121920266,0,0,0,0,0.0772626487478341,0,0,0,0,0,0,0,0,0,0,0,0,0,0,0,0,0,0,0,0,0,0,0,0,0
"2022_TRIS_A_3",0,0.0337545633249087,0,0,0,0.042924168030551,0,0,0,0,0,0,2.1822149481724e-05,0,0,0.000152755046372068,0,0,0,0,0,0.000239667072553204,0.0234151663938898,0.10922880553026,0,0,0.12663729776709,0,0,0,0,0,0,0.0744649045866608,0,0.0280759702725021,0,0,0,0.157275321008636,0,0,0,0,0.296048889472364,0,0,0,0,0,0,0,0,0,0,0,0,0,0,0,0,0,0,0.10776066934473,0,0,0,0,0,0
"ABES_A_2022",0,0,0,0,0,0.00362694300518135,0.0259067357512953,0,0,0,0,0,0,0,0,0,0,0.00155440414507772,0,0.71139896373057,0,0.00155440414507772,0,0.049740932642487,0,0.00362694300518135,0.00621761658031088,0,0,0,0.000518134715025907,0,0,0.0518134715025907,0,0.000518134715025907,0,0,0,0,0,0,0,0,0.0766839378238342,0,0,0,0,0,0,0,0,0,0,0,0.000518134715025907,0.00569948186528497,0,0,0,0,0,0.0606217616580311,0,0,0,0,0,0
"BLAQ_A_2022",0,0,0.00112485939257593,0,0.00224971878515186,0.0427446569178853,0.0359955005624297,0,0.0101237345331834,0.00449943757030371,0,0,0,0,0,0,0,0.00112485939257593,0,0.0101237345331834,0,0,0,0.0236220472440945,0,0.0146231721034871,0.0753655793025872,0.00449943757030371,0,0,0,0,0,0.202474690663667,0,0,0,0,0,0,0,0,0.0078740157480315,0,0.137232845894263,0,0,0.0146231721034871,0,0,0,0,0.00224971878515186,0,0,0,0.0213723284589426,0.0371203599550056,0,0,0,0,0.0269966254218223,0.239595050618673,0,0,0.0843644544431946,0,0,0
"BOST_A_2021",0,0.00961538461538462,0,0,0.00961538461538462,0.0673076923076923,0,0,0,0.0192307692307692,0,0,0,0,0,0,0,0,0,0.701923076923077,0,0,0,0,0,0,0,0,0,0,0,0,0,0,0,0.0288461538461538,0,0,0,0,0,0,0,0,0.0192307692307692,0,0,0,0,0,0,0,0,0,0,0,0,0,0,0,0,0,0,0.144230769230769,0,0,0,0,0,0
"BOST_B_2021",0,0,0,0,0,0.0339622641509434,0.245283018867925,0,0,0,0,0,0,0,0,0,0,0.0150943396226415,0,0.207547169811321,0,0.00377358490566038,0,0,0,0,0.0150943396226415,0,0,0,0,0,0,0,0,0.00754716981132075,0,0,0,0,0.030188679245283,0,0,0,0.132075471698113,0,0,0.0150943396226415,0,0,0,0,0,0,0,0,0,0,0,0,0,0,0,0.294339622641509,0,0,0,0,0,0
"CLAM_A_2022",0,0.404891304347826,0.00543478260869565,0,0,0.0597826086956522,0.130434782608696,0,0.00271739130434783,0,0,0,0,0,0,0,0,0,0,0.00815217391304348,0,0.00271739130434783,0.00815217391304348,0,0,0.0135869565217391,0.105978260869565,0,0,0,0,0,0,0.00271739130434783,0,0,0,0,0,0,0,0,0,0,0.0217391304347826,0,0,0,0,0,0,0,0,0,0,0,0.046195652173913,0,0,0,0,0,0,0.1875,0,0,0,0,0,0
"DALL_A_2021",0,0,0,0,0,0.0156438026474128,0.0180505415162455,0,0,0,0,0,0.0072202166064982,0,0,0,0,0.00240673886883273,0,0.0036101083032491,0,0,0.01323706377858,0.0348977135980746,0,0,0.00842358604091456,0,0,0,0,0.00240673886883273,0,0.77496991576414,0,0.00240673886883273,0,0,0,0.00240673886883273,0,0,0,0,0.0673886883273165,0,0,0.0348977135980746,0,0,0,0,0,0,0,0,0,0,0,0,0,0,0,0.0120336943441637,0,0,0,0,0,0
"DALL_B_2021",0,0.0723404255319149,0,0,0,0.00851063829787234,0,0,0,0.0148936170212766,0,0,0,0,0,0.00212765957446809,0,0,0,0.0425531914893617,0,0,0,0.0212765957446809,0,0,0,0,0,0,0,0,0,0,0,0,0,0,0,0.823404255319149,0,0,0,0.00212765957446809,0.00425531914893617,0,0,0,0,0,0,0,0,0,0,0,0.00851063829787234,0,0,0,0,0,0,0,0,0,0,0,0,0
"GUKT_A_2022",0,0,0.000944287063267233,0,0.00472143531633617,0.0254957507082153,0.0028328611898017,0,0.00661000944287063,0,0,0,0,0,0,0.000944287063267233,0,0.0207743153918791,0,0.0292728989612842,0,0,0.00188857412653447,0.0481586402266289,0,0.0028328611898017,0.0368271954674221,0,0,0,0.00188857412653447,0.00377714825306893,0,0.501416430594901,0,0,0,0,0,0,0,0,0.0028328611898017,0,0.169971671388102,0,0,0.016052880075543,0,0,0,0.000944287063267233,0,0,0,0,0,0,0,0,0,0,0,0.0264400377714825,0,0,0.0084985835694051,0.0868744098205855,0,0
"HALI_A_2022",0,0,0.00180831826401447,0,0.00180831826401447,0.249547920433996,0.0108499095840868,0,0.00180831826401447,0,0,0,0.00180831826401447,0,0,0,0,0.00180831826401447,0,0.0831826401446655,0,0.00361663652802893,0,0.0343580470162749,0,0,0.0054249547920434,0,0,0,0,0,0,0.292947558770344,0,0.00361663652802893,0.00180831826401447,0,0,0,0,0,0.00180831826401447,0.00180831826401447,0.130198915009042,0,0,0,0,0,0,0,0,0,0,0,0,0,0,0,0,0,0,0.16998191681736,0,0,0,0.00180831826401447,0,0
"HARM_A_2022",0,0.00757575757575758,0,0,0,0.136363636363636,0.0416666666666667,0,0.00378787878787879,0,0,0.00189393939393939,0,0,0,0,0,0,0,0,0,0.00378787878787879,0.0492424242424242,0.0113636363636364,0,0.00189393939393939,0.071969696969697,0.00189393939393939,0,0,0,0,0,0.0151515151515152,0,0,0,0,0,0.00189393939393939,0,0,0.202651515151515,0,0.335227272727273,0,0,0,0,0,0,0,0,0,0,0,0.0170454545454545,0,0,0,0,0.00189393939393939,0,0.0946969696969697,0,0,0,0,0,0
"HUNT_A_2021",0,0,0.00608519269776876,0,0,0.241379310344828,0,0,0,0,0,0.00202839756592292,0,0,0,0,0,0.00405679513184584,0,0.0588235294117647,0,0,0,0.00202839756592292,0,0,0,0,0,0,0,0,0,0.462474645030426,0,0.00202839756592292,0,0,0,0.0547667342799189,0,0,0,0,0.105476673427992,0,0,0,0,0,0,0,0,0,0,0,0,0,0,0,0,0,0,0.0344827586206897,0,0,0,0.026369168356998,0,0
"ILDE_A_2022",0,0.00221238938053097,0,0,0.00110619469026549,0.0807522123893805,0.0553097345132743,0,0.00442477876106195,0,0,0,0,0,0,0.402654867256637,0,0.00331858407079646,0,0.0475663716814159,0,0.00442477876106195,0,0.0232300884955752,0,0.0188053097345133,0.103982300884956,0.00221238938053097,0,0,0,0,0,0.040929203539823,0,0.00221238938053097,0,0,0,0.00221238938053097,0,0,0.00331858407079646,0,0.0641592920353982,0,0,0,0.00110619469026549,0,0,0,0,0,0,0,0.00663716814159292,0,0,0,0,0,0,0.129424778761062,0,0,0,0,0,0
"KAHS_A_2021",0,0,0,0,0.0320855614973262,0.0909090909090909,0.0106951871657754,0,0.0053475935828877,0,0,0,0,0,0,0,0,0.0053475935828877,0,0.283422459893048,0,0.0267379679144385,0.0374331550802139,0.0053475935828877,0,0.0267379679144385,0.0320855614973262,0,0,0,0,0.106951871657754,0,0,0,0.0481283422459893,0,0,0,0.0053475935828877,0,0,0,0,0.128342245989305,0,0.0053475935828877,0,0,0.0053475935828877,0,0,0,0,0,0,0.0855614973262032,0,0,0,0,0,0,0.0588235294117647,0,0,0,0,0,0
"KAHS_B_2021",0,0.0952380952380952,0.00680272108843537,0,0.00680272108843537,0.00680272108843537,0,0,0.0204081632653061,0.0204081632653061,0,0,0.0408163265306122,0,0,0,0,0.00680272108843537,0,0.653061224489796,0,0.0204081632653061,0,0,0,0,0.0136054421768707,0.00680272108843537,0,0,0,0.0408163265306122,0,0,0,0,0,0,0,0,0,0,0,0,0.0204081632653061,0,0,0,0,0,0.00680272108843537,0,0,0,0,0,0.0340136054421769,0,0,0,0,0,0,0,0,0,0,0,0,0
"KARH_A_2022",0,0,0.00171232876712329,0,0.0102739726027397,0.219178082191781,0,0,0.0136986301369863,0.00171232876712329,0,0,0,0,0,0,0,0.00171232876712329,0,0.0291095890410959,0,0,0.00342465753424658,0.0171232876712329,0,0.0205479452054795,0.150684931506849,0.0496575342465753,0,0,0,0,0,0.0376712328767123,0,0.0222602739726027,0,0,0,0.00171232876712329,0,0,0.0291095890410959,0,0.344178082191781,0,0,0.00171232876712329,0,0,0,0,0,0,0,0,0,0,0,0,0,0,0.00513698630136986,0.0393835616438356,0,0,0,0,0,0
"KLWA_A_2022",0,0,0,0,0,0,0.00864936793080506,0,0,0,0,0,0,0,0,0,0,0.00199600798403194,0,0.16101131071191,0,0,0,0.758483033932136,0,0,0,0,0,0,0,0,0,0.021290751829674,0,0,0,0,0,0,0,0,0,0,0.0166333998669328,0,0,0.000665335994677312,0,0,0,0,0,0,0,0,0,0,0,0,0,0,0,0.0312707917498337,0,0,0,0,0,0
"MOIR_A_2021",0,0,0,0,0,0,0.0547112462006079,0,0,0,0,0,0,0,0,0,0,0.0516717325227964,0,0.103343465045593,0,0.0243161094224924,0.0212765957446809,0.112462006079027,0,0,0.203647416413374,0,0,0,0,0,0,0.127659574468085,0,0.0212765957446809,0,0,0,0,0,0,0,0,0,0,0,0,0,0,0,0,0,0,0,0,0,0,0,0,0,0,0,0.279635258358663,0,0,0,0,0,0
"MOIR_B_2021",0,0,0,0,0,0.0518518518518519,0,0,0,0,0,0,0,0,0,0,0,0.00740740740740741,0,0.903703703703704,0,0,0.00740740740740741,0.00740740740740741,0,0,0,0,0,0,0,0,0,0,0,0,0,0,0,0,0,0,0,0,0.0148148148148148,0,0,0,0,0,0,0,0,0,0,0,0,0,0,0,0,0,0,0.00740740740740741,0,0,0,0,0,0
"NATZ_A_2022",0,0,0,0,0,0.0048618219037871,0.00435005117707267,0,0,0,0,0,0,0,0,0,0,0.00255885363357216,0,0.00997952917093142,0,0.000511770726714432,0,0.782241555783009,0,0,0,0,0,0,0.00614124872057318,0.000255885363357216,0,0.150460593654043,0,0,0,0,0,0,0,0,0,0,0.0181678607983623,0,0,0.000255885363357216,0,0,0,0,0,0,0,0,0,0,0,0,0,0,0,0.018935516888434,0,0,0,0.00127942681678608,0,0
"NFEI_A_2022",0,0,0,0,0,0.0256916996047431,0.0355731225296443,0,0.00197628458498024,0,0,0,0,0,0,0,0,0.00790513833992095,0,0.0375494071146245,0,0,0,0.140316205533597,0,0.0197628458498024,0.0118577075098814,0,0,0,0,0,0,0.0494071146245059,0,0.00197628458498024,0,0,0,0,0,0,0,0,0.345849802371542,0,0,0,0,0.00197628458498024,0,0,0,0,0,0,0.00790513833992095,0.00988142292490119,0,0,0,0,0,0.302371541501976,0,0,0,0,0,0
"NICH_A_2021",0,0,0,0,0,0.0276679841897233,0,0,0.00790513833992095,0,0,0,0,0,0,0,0,0.0118577075098814,0,0.363636363636364,0,0.00790513833992095,0,0.00395256916996047,0,0,0.0158102766798419,0,0,0,0,0,0,0,0,0.0316205533596838,0,0,0,0.0118577075098814,0,0,0,0,0.0592885375494071,0,0,0,0,0,0,0,0,0,0,0,0,0,0,0,0,0,0,0.458498023715415,0,0,0,0,0,0
"NICH_B_2021",0,0,0,0,0,0.0641025641025641,0,0,0,0.0128205128205128,0,0,0,0,0,0,0,0.0128205128205128,0,0.205128205128205,0,0,0,0,0,0,0,0,0,0,0,0,0,0,0,0,0,0,0,0,0,0,0,0.0256410256410256,0.141025641025641,0,0,0,0,0,0,0,0.307692307692308,0.0128205128205128,0,0,0.205128205128205,0,0.0128205128205128,0,0,0,0,0,0,0,0,0,0,0
"NOSK_A_2022",0,0,0,0,0.00146986771190593,0.0117589416952474,0.00146986771190593,0,0.00391964723174914,0,0,0,0,0,0,0,0,0.00832925036746693,0.000979911807937286,0.00783929446349829,0,0,0,0.619794218520333,0,0,0.00587947084762371,0,0,0,0,0,0,0.283684468397844,0,0,0,0,0,0,0,0,0,0,0.0396864282214601,0,0,0.00440960313571779,0,0,0,0,0,0,0,0,0,0,0,0,0,0,0,0.00832925036746693,0,0,0,0.00244977951984321,0,0
"NSTP_A_2022",0,0.0144927536231884,0.00241545893719807,0,0,0.101449275362319,0.0241545893719807,0,0.0072463768115942,0,0,0,0,0,0,0,0,0.00241545893719807,0,0.00966183574879227,0,0,0,0.0072463768115942,0,0.0241545893719807,0.108695652173913,0,0,0,0,0.00241545893719807,0,0.070048309178744,0,0,0,0,0,0.0169082125603865,0,0,0.0458937198067633,0,0.0821256038647343,0,0,0.00241545893719807,0,0,0.00241545893719807,0,0.00241545893719807,0,0,0,0.00966183574879227,0.0217391304347826,0.0072463768115942,0,0,0,0,0.434782608695652,0,0,0,0,0,0
"REEF_A_2021",0,0.439153439153439,0,0,0.000755857898715042,0.00377928949357521,0.000377928949357521,0,0.000755857898715042,0,0,0.0147392290249433,0,0,0,0,0,0.00113378684807256,0,0.000377928949357521,0,0,0.379062736205593,0,0,0,0.00226757369614512,0,0,0,0,0.000755857898715042,0,0.000755857898715042,0,0.000377928949357521,0,0,0,0.0895691609977324,0,0,0.00151171579743008,0,0.0158730158730159,0,0.00264550264550265,0.0222978080120937,0,0,0.0128495842781557,0,0,0,0,0,0,0,0,0,0,0,0,0.0109599395313681,0,0,0,0,0,0
"REEF_B_2021",0,0.0053475935828877,0,0,0.0106951871657754,0.0106951871657754,0.155080213903743,0,0.0802139037433155,0,0,0,0,0,0,0,0,0,0,0,0,0,0.122994652406417,0,0,0.0106951871657754,0.0053475935828877,0,0,0,0,0,0,0,0,0,0,0,0,0.0855614973262032,0,0,0.0588235294117647,0,0.0695187165775401,0,0,0.181818181818182,0,0,0.0106951871657754,0,0,0,0.171122994652406,0,0.0106951871657754,0,0,0,0,0,0,0.0106951871657754,0,0,0,0,0,0
"REFU_A_2022",0,0.00099009900990099,0,0,0,0.0801980198019802,0,0,0,0,0,0.00099009900990099,0,0,0,0,0,0.0128712871287129,0,0.0188118811881188,0,0,0,0.545544554455446,0,0,0.00297029702970297,0,0,0,0.00297029702970297,0,0,0.099009900990099,0,0.00792079207920792,0,0,0,0,0,0,0,0,0.140594059405941,0,0,0.00099009900990099,0,0,0,0,0,0,0.00198019801980198,0,0,0,0,0,0,0,0,0.0841584158415842,0,0,0,0,0,0
"ROSA_A_2022",0,0.000936329588014981,0,0,0.00655430711610487,0.0608614232209738,0.0102996254681648,0,0.0112359550561798,0,0,0,0,0,0,0,0,0.00187265917602996,0,0.000936329588014981,0,0.0215355805243446,0,0.50749063670412,0,0.00842696629213483,0.051498127340824,0,0,0,0,0,0,0.0749063670411985,0,0.000936329588014981,0,0,0,0,0,0,0.0234082397003745,0,0.126404494382022,0,0,0,0.00187265917602996,0,0,0,0,0,0,0.00187265917602996,0.00187265917602996,0.00187265917602996,0,0,0,0,0,0.0852059925093633,0,0,0,0,0,0
"SARI_A_2022",0,0.00127307447485678,0,0,0.00063653723742839,0.0222788033099936,0.0140038192234246,0,0.0560152768936983,0,0,0,0,0,0,0,0,0.00381922342457034,0,0,0,0.00127307447485678,0.0235518777848504,0.140674729471674,0,0,0.0254614894971356,0,0,0,0.00700190961171229,0,0,0.440483768300446,0,0,0,0,0,0,0,0,0.0210057288351369,0,0.155315085932527,0,0,0.00572883513685551,0,0,0,0,0,0,0,0,0,0,0,0,0,0,0,0.0776575429662635,0,0,0,0.00190961171228517,0.00190961171228517,0
"SFEI_A_2022",0,0,0,0,0,0.25,0,0,0,0,0,0,0,0,0,0,0,0.0227272727272727,0,0.136363636363636,0,0.0909090909090909,0,0.204545454545455,0,0.0227272727272727,0.227272727272727,0,0,0,0,0,0,0,0,0,0,0,0,0,0,0,0,0,0.0454545454545455,0,0,0,0,0,0,0,0,0,0,0,0,0,0,0,0,0,0,0,0,0,0,0,0,0
"SHIN_A_2022",0,0,0,0,0,0.00429922613929493,0.00386930352536543,0,0,0.000859845227858985,0,0,0,0,0,0,0,0.00472914875322442,0,0.029664660361135,0,0,0,0.83061049011178,0,0.000429922613929493,0.00214961306964746,0,0,0,0.0128976784178848,0.000859845227858985,0,0.0816852966466036,0,0,0,0,0,0,0,0,0,0,0.00816852966466036,0,0.000429922613929493,0.00343938091143594,0.000429922613929493,0,0,0,0,0,0,0,0,0,0,0,0,0,0.000859845227858985,0.0146173688736028,0,0,0,0,0,0
"SYLB_A_2021",0,0,0.00793650793650794,0,0,0.0952380952380952,0,0,0,0,0,0,0,0,0,0,0,0.00793650793650794,0,0.0317460317460317,0,0,0,0,0,0,0.238095238095238,0,0,0,0,0,0,0.182539682539683,0,0.0317460317460317,0,0,0,0.0238095238095238,0,0,0,0,0.150793650793651,0,0,0,0,0,0,0,0,0,0,0,0.174603174603175,0,0,0,0,0,0,0.0555555555555556,0,0,0,0,0,0
"SYLB_B_2021",0,0,0.00543478260869565,0,0,0.0326086956521739,0,0,0.00543478260869565,0.0108695652173913,0,0,0,0,0,0,0,0,0,0,0,0.00543478260869565,0.00543478260869565,0,0,0,0.0706521739130435,0,0,0,0,0,0,0.00543478260869565,0,0.016304347826087,0.00543478260869565,0,0,0.456521739130435,0,0,0.00543478260869565,0.00543478260869565,0.0543478260869565,0,0,0,0,0,0,0,0.0217391304347826,0,0,0,0.293478260869565,0,0,0,0,0,0,0,0,0,0,0,0,0
"TAHB_A_2021",0,0,0,0,0,0.0530120481927711,0,0,0,0,0,0.00240963855421687,0,0,0,0.0168674698795181,0,0,0,0.130120481927711,0,0,0.0168674698795181,0.0530120481927711,0,0,0.146987951807229,0,0,0,0.00240963855421687,0,0,0.0843373493975904,0,0,0,0,0,0,0,0,0.0674698795180723,0,0.2,0,0,0.0072289156626506,0.00240963855421687,0,0,0,0,0,0,0,0.0072289156626506,0,0.00240963855421687,0,0,0,0,0.207228915662651,0,0,0,0,0,0
"TRIS_A_2022",0,0,0,0,0.0194174757281553,0.0550161812297735,0,0,0.00323624595469256,0,0,0.00323624595469256,0.00323624595469256,0,0,0,0,0.0258899676375405,0,0,0,0,0.00647249190938511,0.0258899676375405,0,0.00647249190938511,0.0550161812297735,0,0,0,0,0,0,0.0776699029126214,0,0.00323624595469256,0,0,0,0.0129449838187702,0,0,0.0355987055016181,0,0.407766990291262,0,0,0,0,0,0,0,0.00323624595469256,0,0,0,0,0,0,0,0,0,0,0.249190938511327,0,0,0,0.00323624595469256,0,0.00323624595469256
